{
  "Logistic Regression": {
    "confusion_matrix": [
      [
        926,
        109
      ],
      [
        165,
        209
      ]
    ],
    "classification_report": {
      "0": {
        "precision": 0.8487626031164069,
        "recall": 0.8946859903381642,
        "f1-score": 0.8711194731890874,
        "support": 1035.0
      },
      "1": {
        "precision": 0.6572327044025157,
        "recall": 0.5588235294117647,
        "f1-score": 0.6040462427745664,
        "support": 374.0
      },
      "accuracy": 0.8055358410220014,
      "macro avg": {
        "precision": 0.7529976537594614,
        "recall": 0.7267547598749644,
        "f1-score": 0.7375828579818269,
        "support": 1409.0
      },
      "weighted avg": {
        "precision": 0.7979235810305337,
        "recall": 0.8055358410220014,
        "f1-score": 0.8002284950662835,
        "support": 1409.0
      }
    }
  },
  "Decision Tree": {
    "confusion_matrix": [
      [
        838,
        197
      ],
      [
        185,
        189
      ]
    ],
    "classification_report": {
      "0": {
        "precision": 0.8191593352883676,
        "recall": 0.8096618357487922,
        "f1-score": 0.814382896015549,
        "support": 1035.0
      },
      "1": {
        "precision": 0.4896373056994819,
        "recall": 0.5053475935828877,
        "f1-score": 0.49736842105263157,
        "support": 374.0
      },
      "accuracy": 0.7288857345635202,
      "macro avg": {
        "precision": 0.6543983204939248,
        "recall": 0.6575047146658399,
        "f1-score": 0.6558756585340904,
        "support": 1409.0
      },
      "weighted avg": {
        "precision": 0.7316921677466761,
        "recall": 0.7288857345635202,
        "f1-score": 0.7302356897443416,
        "support": 1409.0
      }
    }
  },
  "kNN": {
    "confusion_matrix": [
      [
        863,
        172
      ],
      [
        160,
        214
      ]
    ],
    "classification_report": {
      "0": {
        "precision": 0.8435972629521017,
        "recall": 0.8338164251207729,
        "f1-score": 0.8386783284742468,
        "support": 1035.0
      },
      "1": {
        "precision": 0.5544041450777202,
        "recall": 0.5721925133689839,
        "f1-score": 0.5631578947368421,
        "support": 374.0
      },
      "accuracy": 0.7643718949609652,
      "macro avg": {
        "precision": 0.6990007040149109,
        "recall": 0.7030044692448785,
        "f1-score": 0.7009181116055445,
        "support": 1409.0
      },
      "weighted avg": {
        "precision": 0.7668348597689797,
        "recall": 0.7643718949609652,
        "f1-score": 0.7655451544374907,
        "support": 1409.0
      }
    }
  },
  "Naive Bayes (Gaussian)": {
    "confusion_matrix": [
      [
        666,
        369
      ],
      [
        61,
        313
      ]
    ],
    "classification_report": {
      "0": {
        "precision": 0.9160935350756534,
        "recall": 0.6434782608695652,
        "f1-score": 0.7559591373439274,
        "support": 1035.0
      },
      "1": {
        "precision": 0.45894428152492667,
        "recall": 0.8368983957219251,
        "f1-score": 0.5928030303030303,
        "support": 374.0
      },
      "accuracy": 0.694819020581973,
      "macro avg": {
        "precision": 0.68751890830029,
        "recall": 0.7401883282957451,
        "f1-score": 0.6743810838234788,
        "support": 1409.0
      },
      "weighted avg": {
        "precision": 0.7947494464823448,
        "recall": 0.694819020581973,
        "f1-score": 0.712651554637543,
        "support": 1409.0
      }
    }
  },
  "Random Forest (Ensemble)": {
    "confusion_matrix": [
      [
        920,
        115
      ],
      [
        198,
        176
      ]
    ],
    "classification_report": {
      "0": {
        "precision": 0.8228980322003577,
        "recall": 0.8888888888888888,
        "f1-score": 0.8546214584300975,
        "support": 1035.0
      },
      "1": {
        "precision": 0.6048109965635738,
        "recall": 0.47058823529411764,
        "f1-score": 0.5293233082706766,
        "support": 374.0
      },
      "accuracy": 0.7778566359119943,
      "macro avg": {
        "precision": 0.7138545143819658,
        "recall": 0.6797385620915033,
        "f1-score": 0.691972383350387,
        "support": 1409.0
      },
      "weighted avg": {
        "precision": 0.7650097771768253,
        "recall": 0.7778566359119943,
        "f1-score": 0.7682754625751483,
        "support": 1409.0
      }
    }
  },
  "XGBoost (Ensemble)": {
    "confusion_matrix": [
      [
        940,
        95
      ],
      [
        178,
        196
      ]
    ],
    "classification_report": {
      "0": {
        "precision": 0.8407871198568873,
        "recall": 0.9082125603864735,
        "f1-score": 0.8732001857872735,
        "support": 1035.0
      },
      "1": {
        "precision": 0.6735395189003437,
        "recall": 0.5240641711229946,
        "f1-score": 0.5894736842105263,
        "support": 374.0
      },
      "accuracy": 0.8062455642299503,
      "macro avg": {
        "precision": 0.7571633193786155,
        "recall": 0.716138365754734,
        "f1-score": 0.7313369349988998,
        "support": 1409.0
      },
      "weighted avg": {
        "precision": 0.7963935054085215,
        "recall": 0.8062455642299503,
        "f1-score": 0.7978888219904647,
        "support": 1409.0
      }
    }
  }
}